{
  "version": "1.0",
  "defaultProvider": "cdnjs",
	"libraries": [
		{
			"provider": "cdnjs",
			"library": "jquery@3.4.1",
			"destination": "wwwroot/lib/jquery/"
		},
		{
			"provider": "cdnjs",
			"library": "jquery-validation-unobtrusive@3.2.11",
			"destination": "wwwroot/lib/jquery-validation-unobtrusive/"
		},
		{
			"provider": "cdnjs",
			"library": "popper.js@1.16.1",
			"destination": "wwwroot/lib/popper.js/"
		},
		{
			"provider": "cdnjs",
			"library": "jquery-validate@1.19.1",
			"destination": "wwwroot/lib/jquery-validate/"
		},
		{
			"provider": "cdnjs",
			"library": "font-awesome@5.13.0",
			"destination": "wwwroot/lib/font-awesome/"
		},
		{
			"provider": "cdnjs",
			"library": "datatables@1.10.19",
			"destination": "wwwroot/lib/datatables/"
		}

	]
}